customer_id,recency,frequency,monetary,cluster,segment
CUST0001,11,17,149796.55,1,Occasional / New
CUST0002,17,35,690023.51,2,High-Value Active
CUST0003,125,17,178959.38999999998,0,At-Risk / Dormant
CUST0004,1,23,269946.84,1,Occasional / New
CUST0005,40,8,31806.53,1,Occasional / New
CUST0006,102,9,40491.33,0,At-Risk / Dormant
CUST0007,15,14,84018.05,1,Occasional / New
CUST0008,1,31,257755.81,1,Occasional / New
CUST0009,7,20,282059.68,1,Occasional / New
CUST0010,11,26,213029.06,1,Occasional / New
CUST0011,46,6,40787.07,1,Occasional / New
CUST0012,3,44,492472.62,2,High-Value Active
CUST0013,2,24,282381.31,1,Occasional / New
CUST0014,26,11,98738.77,1,Occasional / New
CUST0015,13,13,44373.880000000005,1,Occasional / New
CUST0016,53,10,97486.03,1,Occasional / New
CUST0017,87,10,34984.15,1,Occasional / New
CUST0018,116,11,95651.74,0,At-Risk / Dormant
CUST0019,38,15,85839.28,1,Occasional / New
CUST0020,8,10,23101.62,1,Occasional / New
CUST0021,1,19,320124.1,1,Occasional / New
CUST0022,10,14,74029.81,1,Occasional / New
CUST0023,12,10,67486.07,1,Occasional / New
CUST0024,32,12,42662.45,1,Occasional / New
CUST0025,236,5,9072.369999999999,0,At-Risk / Dormant
CUST0026,18,15,254020.4,1,Occasional / New
CUST0027,46,10,70305.53,1,Occasional / New
CUST0028,162,4,4312.63,0,At-Risk / Dormant
CUST0029,17,21,220566.09,1,Occasional / New
CUST0030,123,10,29336.18,0,At-Risk / Dormant
CUST0031,1,26,107248.15,1,Occasional / New
CUST0032,30,5,8946.03,1,Occasional / New
CUST0033,122,8,49845.770000000004,0,At-Risk / Dormant
CUST0034,10,47,560264.26,2,High-Value Active
CUST0035,5,66,1114378.52,2,High-Value Active
CUST0036,12,23,101808.28,1,Occasional / New
CUST0037,7,5,7603.120000000001,1,Occasional / New
CUST0038,14,10,22738.09,1,Occasional / New
CUST0039,3,24,356051.91000000003,1,Occasional / New
CUST0040,37,11,96148.9,1,Occasional / New
CUST0041,310,5,31530.58,0,At-Risk / Dormant
CUST0042,48,6,31877.45,1,Occasional / New
CUST0043,27,10,56696.32,1,Occasional / New
CUST0044,4,49,893415.87,2,High-Value Active
CUST0045,20,19,126384.43,1,Occasional / New
CUST0046,22,30,263992.15,1,Occasional / New
CUST0047,19,12,74751.11,1,Occasional / New
CUST0048,13,11,56333.020000000004,1,Occasional / New
CUST0049,29,10,30092.010000000002,1,Occasional / New
CUST0050,3,14,59199.22,1,Occasional / New
CUST0051,2,48,391318.68,2,High-Value Active
CUST0052,12,14,84369.69,1,Occasional / New
CUST0053,13,42,600737.95,2,High-Value Active
CUST0054,4,51,679436.4500000001,2,High-Value Active
CUST0055,33,22,182524.66999999998,1,Occasional / New
CUST0056,37,53,993540.4400000001,2,High-Value Active
CUST0057,35,13,80950.97,1,Occasional / New
CUST0058,34,14,95711.8,1,Occasional / New
CUST0059,1,17,88742.47,1,Occasional / New
CUST0060,11,7,15269.87,1,Occasional / New
CUST0061,9,12,70091.55,1,Occasional / New
CUST0062,5,12,60321.64,1,Occasional / New
CUST0063,12,20,181783.15,1,Occasional / New
CUST0064,127,12,98109.03,0,At-Risk / Dormant
CUST0065,7,14,109686.34,1,Occasional / New
CUST0066,59,12,79293.1,1,Occasional / New
CUST0067,2,6,60399.47,1,Occasional / New
CUST0068,18,24,108896.45999999999,1,Occasional / New
CUST0069,3,9,75626.2,1,Occasional / New
CUST0070,4,47,696255.98,2,High-Value Active
CUST0071,10,22,148097.25,1,Occasional / New
CUST0072,30,7,103494.15,1,Occasional / New
CUST0073,136,11,79377.95,0,At-Risk / Dormant
CUST0074,18,23,226905.75,1,Occasional / New
CUST0075,14,24,161627.59,1,Occasional / New
CUST0076,1,22,118086.19,1,Occasional / New
CUST0077,32,15,147950.02,1,Occasional / New
CUST0078,51,13,87862.3,1,Occasional / New
CUST0079,93,9,59533.55,0,At-Risk / Dormant
CUST0080,2,11,40103.270000000004,1,Occasional / New
CUST0081,33,14,202308.78,1,Occasional / New
CUST0082,49,21,116750.1,1,Occasional / New
CUST0083,32,8,33215.58,1,Occasional / New
CUST0084,65,10,37264.97,1,Occasional / New
CUST0085,54,15,27330.59,1,Occasional / New
CUST0086,49,16,60767.47,1,Occasional / New
CUST0087,19,19,59754.33,1,Occasional / New
CUST0088,49,22,176052.53,1,Occasional / New
CUST0089,2,50,644263.35,2,High-Value Active
CUST0090,19,11,21465.06,1,Occasional / New
CUST0091,149,8,13839.51,0,At-Risk / Dormant
CUST0092,25,18,55402.65,1,Occasional / New
CUST0093,30,25,138242.21,1,Occasional / New
CUST0094,26,16,156135.38,1,Occasional / New
CUST0095,51,25,257034.93,1,Occasional / New
CUST0096,13,14,110562.31999999999,1,Occasional / New
CUST0097,15,8,75026.3,1,Occasional / New
CUST0098,37,7,19066.16,1,Occasional / New
CUST0099,5,9,29987.86,1,Occasional / New
CUST0100,78,8,13402.9,1,Occasional / New
CUST0101,27,9,34856.4,1,Occasional / New
CUST0102,5,20,131075.88,1,Occasional / New
CUST0103,33,8,68665.23000000001,1,Occasional / New
CUST0104,131,11,59900.31,0,At-Risk / Dormant
CUST0105,13,45,405938.08,2,High-Value Active
CUST0106,22,9,60260.049999999996,1,Occasional / New
CUST0107,210,3,10828.11,0,At-Risk / Dormant
CUST0108,12,25,168259.99,1,Occasional / New
CUST0109,52,16,104465.61,1,Occasional / New
CUST0110,17,12,112582.71,1,Occasional / New
CUST0111,74,7,60263.41,1,Occasional / New
CUST0112,52,13,31150.55,1,Occasional / New
CUST0113,14,53,876774.69,2,High-Value Active
CUST0114,3,19,94012.16,1,Occasional / New
CUST0115,14,20,133350.9,1,Occasional / New
CUST0116,2,41,376274.45999999996,2,High-Value Active
CUST0117,30,14,53946.69,1,Occasional / New
CUST0118,52,10,37637.72,1,Occasional / New
CUST0119,5,49,571399.85,2,High-Value Active
CUST0120,171,9,26043.18,0,At-Risk / Dormant
CUST0121,28,15,217322.17,1,Occasional / New
CUST0122,11,35,365316.07,2,High-Value Active
CUST0123,25,14,70625.05,1,Occasional / New
CUST0124,44,12,93771.41,1,Occasional / New
CUST0125,28,10,64524.67,1,Occasional / New
CUST0126,58,9,74261.58,1,Occasional / New
CUST0127,14,22,244902.69,1,Occasional / New
CUST0128,10,16,86927.5,1,Occasional / New
CUST0129,1,12,59384.58,1,Occasional / New
CUST0130,63,7,62961.590000000004,1,Occasional / New
CUST0131,12,11,52565.24,1,Occasional / New
CUST0132,11,10,45126.59,1,Occasional / New
CUST0133,142,11,74450.5,0,At-Risk / Dormant
CUST0134,2,11,41512.05,1,Occasional / New
CUST0135,1,44,371818.08,2,High-Value Active
CUST0136,137,10,69180.65,0,At-Risk / Dormant
CUST0137,2,13,53899.59,1,Occasional / New
CUST0138,134,18,186496.58,0,At-Risk / Dormant
CUST0139,3,10,39764.44,1,Occasional / New
CUST0140,7,49,537172.27,2,High-Value Active
CUST0141,6,57,507182.54,2,High-Value Active
CUST0142,1,13,70262.24,1,Occasional / New
CUST0143,17,12,90302.90000000001,1,Occasional / New
CUST0144,102,7,41834.53999999999,0,At-Risk / Dormant
CUST0145,15,11,132227.46,1,Occasional / New
CUST0146,6,11,238157.41999999998,1,Occasional / New
CUST0147,46,22,101932.73,1,Occasional / New
CUST0148,2,6,57256.740000000005,1,Occasional / New
CUST0149,12,11,88081.89,1,Occasional / New
CUST0150,155,5,40594.28,0,At-Risk / Dormant
CUST0151,5,47,893191.4299999999,2,High-Value Active
CUST0152,188,8,8240.539999999999,0,At-Risk / Dormant
CUST0153,53,9,45728.38,1,Occasional / New
CUST0154,41,9,27974.91,1,Occasional / New
CUST0155,7,52,614108.02,2,High-Value Active
CUST0156,9,20,95449.61,1,Occasional / New
CUST0157,19,20,113535.04,1,Occasional / New
CUST0158,45,19,202384.81,1,Occasional / New
CUST0159,73,9,41879.61,1,Occasional / New
CUST0160,59,24,167007.58,1,Occasional / New
CUST0161,35,15,84025.43000000001,1,Occasional / New
CUST0162,5,19,288554.12,1,Occasional / New
CUST0163,10,20,128294.67,1,Occasional / New
CUST0164,38,16,100710.14,1,Occasional / New
CUST0165,47,10,105996.53,1,Occasional / New
CUST0166,6,23,120219.75,1,Occasional / New
CUST0167,44,11,64630.25,1,Occasional / New
CUST0168,28,14,59864.09,1,Occasional / New
CUST0169,1,11,120474.56,1,Occasional / New
CUST0170,105,23,310869.98,0,At-Risk / Dormant
CUST0171,6,17,69199.84,1,Occasional / New
CUST0172,16,13,60823.34,1,Occasional / New
CUST0173,50,15,36433.41,1,Occasional / New
CUST0174,38,13,153220.22,1,Occasional / New
CUST0175,7,21,119483.14,1,Occasional / New
CUST0176,54,7,16419.23,1,Occasional / New
CUST0177,50,21,274055.27,1,Occasional / New
CUST0178,31,13,134910.27000000002,1,Occasional / New
CUST0179,10,56,844869.83,2,High-Value Active
CUST0180,20,6,7696.36,1,Occasional / New
CUST0181,12,14,18921.21,1,Occasional / New
CUST0182,6,14,164134.97999999998,1,Occasional / New
CUST0183,1,49,703447.6699999999,2,High-Value Active
CUST0184,32,40,501549.44,2,High-Value Active
CUST0185,41,13,156667.27,1,Occasional / New
CUST0186,21,12,60714.39,1,Occasional / New
CUST0187,5,12,112082.34,1,Occasional / New
CUST0188,10,17,152938.56,1,Occasional / New
CUST0189,6,14,118555.75,1,Occasional / New
CUST0190,22,15,64271.81,1,Occasional / New
CUST0191,2,9,80257.97,1,Occasional / New
CUST0192,56,41,573386.89,2,High-Value Active
CUST0193,2,55,649935.9,2,High-Value Active
CUST0194,27,19,171461.71,1,Occasional / New
CUST0195,6,7,59992.74,1,Occasional / New
CUST0196,11,9,190856.49,1,Occasional / New
CUST0197,20,24,192195.84,1,Occasional / New
CUST0198,4,46,673778.14,2,High-Value Active
CUST0199,10,47,844510.17,2,High-Value Active
CUST0200,33,25,193649.04,1,Occasional / New
CUST0201,6,24,168100.66,1,Occasional / New
CUST0202,12,7,18017.49,1,Occasional / New
CUST0203,46,11,49243.59,1,Occasional / New
CUST0204,2,48,602597.77,2,High-Value Active
CUST0205,3,34,336470.52,2,High-Value Active
CUST0206,18,12,32374.530000000002,1,Occasional / New
CUST0207,18,9,42054.98,1,Occasional / New
CUST0208,9,14,90647.3,1,Occasional / New
CUST0209,74,10,20264.449999999997,1,Occasional / New
CUST0210,13,14,31930.85,1,Occasional / New
CUST0211,34,15,73443.70999999999,1,Occasional / New
CUST0212,12,22,159703.07,1,Occasional / New
CUST0213,32,19,95631.28,1,Occasional / New
CUST0214,29,6,39170.69,1,Occasional / New
CUST0215,9,23,135054.07,1,Occasional / New
CUST0216,16,9,102196.48,1,Occasional / New
CUST0217,28,4,11823.17,1,Occasional / New
CUST0218,8,32,101065.8,1,Occasional / New
CUST0219,7,14,103138.14,1,Occasional / New
CUST0220,2,22,188371.01,1,Occasional / New
CUST0221,1,24,130019.16,1,Occasional / New
CUST0222,2,22,117708.59,1,Occasional / New
CUST0223,47,14,132549.89,1,Occasional / New
CUST0224,21,9,44076.02,1,Occasional / New
CUST0225,94,12,28405.170000000002,0,At-Risk / Dormant
CUST0226,26,16,55135.44,1,Occasional / New
CUST0227,21,40,883836.37,2,High-Value Active
CUST0228,1,9,51087.57,1,Occasional / New
CUST0229,16,41,565100.21,2,High-Value Active
CUST0230,14,23,159409.97999999998,1,Occasional / New
CUST0231,20,12,83744.8,1,Occasional / New
CUST0232,83,9,68134.1,1,Occasional / New
CUST0233,10,28,442047.9,2,High-Value Active
CUST0234,26,10,75600.44,1,Occasional / New
CUST0235,9,11,61335.75,1,Occasional / New
CUST0236,4,17,140787.88,1,Occasional / New
CUST0237,3,17,69291.15,1,Occasional / New
CUST0238,43,6,68574.02,1,Occasional / New
CUST0239,3,24,133909.12,1,Occasional / New
CUST0240,3,13,48522.49,1,Occasional / New
CUST0241,35,33,508641.16,2,High-Value Active
CUST0242,6,58,749891.17,2,High-Value Active
CUST0243,10,40,935279.2,2,High-Value Active
CUST0244,91,8,15605.26,0,At-Risk / Dormant
CUST0245,29,12,66484.57,1,Occasional / New
CUST0246,1,53,458919.23,2,High-Value Active
CUST0247,57,7,81235.62999999999,1,Occasional / New
CUST0248,4,52,698133.03,2,High-Value Active
CUST0249,8,40,422111.1,2,High-Value Active
CUST0250,5,22,177180.35,1,Occasional / New
CUST0251,16,12,89060.94,1,Occasional / New
CUST0252,1,15,73779.38,1,Occasional / New
CUST0253,23,22,298632.39999999997,1,Occasional / New
CUST0254,48,5,14125.75,1,Occasional / New
CUST0255,204,6,13751.56,0,At-Risk / Dormant
CUST0256,25,16,170071.34,1,Occasional / New
CUST0257,11,44,496479.34,2,High-Value Active
CUST0258,33,20,268598.69,1,Occasional / New
CUST0259,7,24,224429.42,1,Occasional / New
CUST0260,46,9,47703.72,1,Occasional / New
CUST0261,45,24,210065.75999999998,1,Occasional / New
CUST0262,9,48,473137.42,2,High-Value Active
CUST0263,30,8,62041.810000000005,1,Occasional / New
CUST0264,19,9,21167.12,1,Occasional / New
CUST0265,3,56,900619.47,2,High-Value Active
CUST0266,41,16,261933.31000000003,1,Occasional / New
CUST0267,26,26,80163.14,1,Occasional / New
CUST0268,3,26,255294.41,1,Occasional / New
CUST0269,129,8,24819.24,0,At-Risk / Dormant
CUST0270,1,13,22726.41,1,Occasional / New
CUST0271,16,26,72699.59999999999,1,Occasional / New
CUST0272,8,20,162408.16,1,Occasional / New
CUST0273,13,25,178396.88999999998,1,Occasional / New
CUST0274,8,48,1034160.25,2,High-Value Active
CUST0275,138,9,85910.37999999999,0,At-Risk / Dormant
CUST0276,53,10,151159.24,1,Occasional / New
CUST0277,20,19,289265.8,1,Occasional / New
CUST0278,9,20,163135.49,1,Occasional / New
CUST0279,29,15,109224.98999999999,1,Occasional / New
CUST0280,2,28,328861.94,1,Occasional / New
CUST0281,16,46,1086424.9,2,High-Value Active
CUST0282,80,8,16731.27,1,Occasional / New
CUST0283,15,11,23260.550000000003,1,Occasional / New
CUST0284,7,14,76092.85,1,Occasional / New
CUST0285,21,19,167282.05000000002,1,Occasional / New
CUST0286,124,10,79226.7,0,At-Risk / Dormant
CUST0287,13,11,44040.34,1,Occasional / New
CUST0288,30,12,49732.36,1,Occasional / New
CUST0289,112,9,90031.08,0,At-Risk / Dormant
CUST0290,85,18,135597.27,1,Occasional / New
CUST0291,7,11,73197.79,1,Occasional / New
CUST0292,16,8,76726.81999999999,1,Occasional / New
CUST0293,19,24,213138.58000000002,1,Occasional / New
CUST0294,117,8,11363.78,0,At-Risk / Dormant
CUST0295,46,7,18063.95,1,Occasional / New
CUST0296,149,6,83095.2,0,At-Risk / Dormant
CUST0297,41,32,370759.65,1,Occasional / New
CUST0298,2,8,17654.52,1,Occasional / New
CUST0299,3,21,171373.88,1,Occasional / New
CUST0300,132,9,49846.09,0,At-Risk / Dormant
CUST0301,3,14,109594.6,1,Occasional / New
CUST0302,22,9,42951.93,1,Occasional / New
CUST0303,26,15,125682.67,1,Occasional / New
CUST0304,19,15,173343.93,1,Occasional / New
CUST0305,23,17,112168.44,1,Occasional / New
CUST0306,17,47,744244.48,2,High-Value Active
CUST0307,5,12,35413.38,1,Occasional / New
CUST0308,54,11,40202.56,1,Occasional / New
CUST0309,27,12,131028.34999999999,1,Occasional / New
CUST0310,86,9,49084.96,1,Occasional / New
CUST0311,22,10,90877.25,1,Occasional / New
CUST0312,8,14,73279.0,1,Occasional / New
CUST0313,50,8,15054.09,1,Occasional / New
CUST0314,11,45,670944.13,2,High-Value Active
CUST0315,25,26,230383.35,1,Occasional / New
CUST0316,9,23,116360.68,1,Occasional / New
CUST0317,123,14,47350.780000000006,0,At-Risk / Dormant
CUST0318,25,10,63740.990000000005,1,Occasional / New
CUST0319,21,7,63269.259999999995,1,Occasional / New
CUST0320,121,11,51836.96,0,At-Risk / Dormant
CUST0321,47,17,34709.85,1,Occasional / New
CUST0322,25,23,87787.75,1,Occasional / New
CUST0323,1,19,158357.44,1,Occasional / New
CUST0324,34,7,9736.05,1,Occasional / New
CUST0325,26,54,620085.92,2,High-Value Active
CUST0326,9,17,120806.37,1,Occasional / New
CUST0327,23,30,122366.05,1,Occasional / New
CUST0328,21,22,137049.93,1,Occasional / New
CUST0329,46,16,75634.42,1,Occasional / New
CUST0330,94,6,34127.28,0,At-Risk / Dormant
CUST0331,7,22,89863.12,1,Occasional / New
CUST0332,2,25,274072.48,1,Occasional / New
CUST0333,66,9,99254.90000000001,1,Occasional / New
CUST0334,6,9,62713.780000000006,1,Occasional / New
CUST0335,36,10,30262.51,1,Occasional / New
CUST0336,9,12,73359.20999999999,1,Occasional / New
CUST0337,29,25,98896.72,1,Occasional / New
CUST0338,11,20,297459.01,1,Occasional / New
CUST0339,121,16,170666.64,0,At-Risk / Dormant
CUST0340,39,15,32430.48,1,Occasional / New
CUST0341,34,9,14510.91,1,Occasional / New
CUST0342,25,10,42284.28,1,Occasional / New
CUST0343,88,7,27858.57,0,At-Risk / Dormant
CUST0344,22,6,28895.31,1,Occasional / New
CUST0345,17,10,100715.44,1,Occasional / New
CUST0346,43,18,141256.93,1,Occasional / New
CUST0347,5,16,246476.62,1,Occasional / New
CUST0348,47,14,103919.7,1,Occasional / New
CUST0349,149,11,58125.090000000004,0,At-Risk / Dormant
CUST0350,6,27,117156.37,1,Occasional / New
CUST0351,8,12,59978.81,1,Occasional / New
CUST0352,13,27,227045.43,1,Occasional / New
CUST0353,3,23,138447.56,1,Occasional / New
CUST0354,25,17,52094.26,1,Occasional / New
CUST0355,45,10,45763.0,1,Occasional / New
CUST0356,19,26,222770.3,1,Occasional / New
CUST0357,17,13,107290.68000000001,1,Occasional / New
CUST0358,3,16,77236.36,1,Occasional / New
CUST0359,29,46,613695.91,2,High-Value Active
CUST0360,5,24,195974.09,1,Occasional / New
CUST0361,10,11,42313.880000000005,1,Occasional / New
CUST0362,50,24,152512.04,1,Occasional / New
CUST0363,23,13,56529.42,1,Occasional / New
CUST0364,31,8,9335.78,1,Occasional / New
CUST0365,1,35,850485.84,2,High-Value Active
CUST0366,1,10,114602.55,1,Occasional / New
CUST0367,12,62,728061.14,2,High-Value Active
CUST0368,12,44,417837.45999999996,2,High-Value Active
CUST0369,40,12,63701.1,1,Occasional / New
CUST0370,33,10,12230.85,1,Occasional / New
CUST0371,107,7,16496.77,0,At-Risk / Dormant
CUST0372,3,8,14592.41,1,Occasional / New
CUST0373,17,17,71091.91,1,Occasional / New
CUST0374,11,27,330854.67,1,Occasional / New
CUST0375,6,13,79503.45000000001,1,Occasional / New
CUST0376,15,10,69692.24,1,Occasional / New
CUST0377,8,14,127069.90999999999,1,Occasional / New
CUST0378,60,4,5988.38,1,Occasional / New
CUST0379,28,31,342978.86,1,Occasional / New
CUST0380,7,11,83428.65,1,Occasional / New
CUST0381,261,6,12460.06,0,At-Risk / Dormant
CUST0382,7,16,176063.28,1,Occasional / New
CUST0383,33,26,219337.98,1,Occasional / New
CUST0384,8,56,728901.6,2,High-Value Active
CUST0385,48,18,49227.89,1,Occasional / New
CUST0386,60,21,209285.47,1,Occasional / New
CUST0387,7,12,45768.7,1,Occasional / New
CUST0388,53,14,146324.02000000002,1,Occasional / New
CUST0389,16,21,198117.74,1,Occasional / New
CUST0390,143,10,46802.17,0,At-Risk / Dormant
CUST0391,3,40,524235.2,2,High-Value Active
CUST0392,110,9,40399.899999999994,0,At-Risk / Dormant
CUST0393,73,12,34020.3,1,Occasional / New
CUST0394,4,24,205543.02,1,Occasional / New
CUST0395,21,18,140095.57,1,Occasional / New
CUST0396,9,52,1227530.6,2,High-Value Active
CUST0397,24,18,180756.18,1,Occasional / New
CUST0398,145,8,89932.09,0,At-Risk / Dormant
CUST0399,27,22,180779.06,1,Occasional / New
CUST0400,6,22,107176.68000000001,1,Occasional / New
CUST0401,9,10,63521.14,1,Occasional / New
CUST0402,2,41,541416.59,2,High-Value Active
CUST0403,12,10,65261.37,1,Occasional / New
CUST0404,19,15,212693.47,1,Occasional / New
CUST0405,153,9,22146.87,0,At-Risk / Dormant
CUST0406,2,59,770710.37,2,High-Value Active
CUST0407,59,9,49483.25,1,Occasional / New
CUST0408,16,12,26539.23,1,Occasional / New
CUST0409,2,49,667489.83,2,High-Value Active
CUST0410,43,9,17641.690000000002,1,Occasional / New
CUST0411,160,12,20234.75,0,At-Risk / Dormant
CUST0412,5,51,743928.62,2,High-Value Active
CUST0413,12,55,873995.64,2,High-Value Active
CUST0414,2,19,183440.76,1,Occasional / New
CUST0415,27,23,106998.06,1,Occasional / New
CUST0416,19,13,128710.87,1,Occasional / New
CUST0417,21,12,72524.79000000001,1,Occasional / New
CUST0418,78,8,30426.62,1,Occasional / New
CUST0419,18,21,155255.33000000002,1,Occasional / New
CUST0420,43,14,70880.06,1,Occasional / New
CUST0421,3,19,181974.7,1,Occasional / New
CUST0422,20,19,133492.51,1,Occasional / New
CUST0423,22,4,43872.01,1,Occasional / New
CUST0424,34,11,24694.32,1,Occasional / New
CUST0425,24,14,77402.99,1,Occasional / New
CUST0426,245,6,16572.89,0,At-Risk / Dormant
CUST0427,98,7,52507.85,0,At-Risk / Dormant
CUST0428,9,51,772697.77,2,High-Value Active
CUST0429,74,7,23187.239999999998,1,Occasional / New
CUST0430,19,14,54688.29,1,Occasional / New
CUST0431,20,7,46577.19,1,Occasional / New
CUST0432,3,22,114083.34,1,Occasional / New
CUST0433,5,16,79688.08,1,Occasional / New
CUST0434,82,16,127493.65000000001,1,Occasional / New
CUST0435,40,14,116163.86,1,Occasional / New
CUST0436,28,14,43333.22,1,Occasional / New
CUST0437,18,10,58229.79,1,Occasional / New
CUST0438,7,24,205056.38,1,Occasional / New
CUST0439,7,25,130686.4,1,Occasional / New
CUST0440,47,16,80532.29000000001,1,Occasional / New
CUST0441,40,15,108766.17,1,Occasional / New
CUST0442,3,48,863652.73,2,High-Value Active
CUST0443,88,8,14779.54,0,At-Risk / Dormant
CUST0444,23,12,70724.73,1,Occasional / New
CUST0445,10,20,102617.17,1,Occasional / New
CUST0446,14,46,581662.48,2,High-Value Active
CUST0447,10,50,662956.14,2,High-Value Active
CUST0448,27,25,163729.02,1,Occasional / New
CUST0449,3,9,6622.73,1,Occasional / New
CUST0450,43,6,33273.7,1,Occasional / New
CUST0451,14,24,147340.16,1,Occasional / New
CUST0452,15,18,131607.15,1,Occasional / New
CUST0453,16,10,31281.17,1,Occasional / New
CUST0454,20,60,646858.43,2,High-Value Active
CUST0455,41,8,73912.92,1,Occasional / New
CUST0456,101,4,47351.5,0,At-Risk / Dormant
CUST0457,10,5,42260.579999999994,1,Occasional / New
CUST0458,38,11,56720.5,1,Occasional / New
CUST0459,104,10,70329.26,0,At-Risk / Dormant
CUST0460,2,9,16988.510000000002,1,Occasional / New
CUST0461,18,13,110000.58,1,Occasional / New
CUST0462,4,22,118678.0,1,Occasional / New
CUST0463,34,19,270169.45,1,Occasional / New
CUST0464,38,17,166817.92,1,Occasional / New
CUST0465,5,51,976932.02,2,High-Value Active
CUST0466,118,10,13880.28,0,At-Risk / Dormant
CUST0467,7,13,109759.53,1,Occasional / New
CUST0468,9,25,128402.94,1,Occasional / New
CUST0469,96,11,22942.88,0,At-Risk / Dormant
CUST0470,4,41,621181.08,2,High-Value Active
CUST0471,20,12,47818.16,1,Occasional / New
CUST0472,6,46,550913.08,2,High-Value Active
CUST0473,25,12,55965.78,1,Occasional / New
CUST0474,20,38,407780.88,2,High-Value Active
CUST0475,16,13,24313.239999999998,1,Occasional / New
CUST0476,8,53,1055287.92,2,High-Value Active
CUST0477,56,12,137090.49,1,Occasional / New
CUST0478,5,15,186655.26,1,Occasional / New
CUST0479,8,47,770172.76,2,High-Value Active
CUST0480,182,6,49967.05,0,At-Risk / Dormant
CUST0481,7,26,240845.6,1,Occasional / New
CUST0482,20,19,214520.22,1,Occasional / New
CUST0483,225,8,50121.33,0,At-Risk / Dormant
CUST0484,10,26,160917.9,1,Occasional / New
CUST0485,18,21,156902.28,1,Occasional / New
CUST0486,1,45,549380.9600000001,2,High-Value Active
CUST0487,148,9,37655.41,0,At-Risk / Dormant
CUST0488,2,14,64946.31,1,Occasional / New
CUST0489,3,57,934190.93,2,High-Value Active
CUST0490,14,33,608138.77,2,High-Value Active
CUST0491,167,7,26028.69,0,At-Risk / Dormant
CUST0492,18,14,278323.25999999995,1,Occasional / New
CUST0493,169,6,62462.65,0,At-Risk / Dormant
CUST0494,13,14,98892.31999999999,1,Occasional / New
CUST0495,1,12,48293.71,1,Occasional / New
CUST0496,1,10,156693.29,1,Occasional / New
CUST0497,1,26,255886.24,1,Occasional / New
CUST0498,128,7,103250.95,0,At-Risk / Dormant
CUST0499,11,44,770071.72,2,High-Value Active
CUST0500,2,42,326714.21,2,High-Value Active
CUST0501,16,14,94704.25,1,Occasional / New
CUST0502,115,14,74424.65,0,At-Risk / Dormant
CUST0503,2,8,37762.81,1,Occasional / New
CUST0504,9,19,210106.91,1,Occasional / New
CUST0505,9,19,98652.45999999999,1,Occasional / New
CUST0506,152,5,28149.59,0,At-Risk / Dormant
CUST0507,10,42,635060.7899999999,2,High-Value Active
CUST0508,150,17,106505.93000000001,0,At-Risk / Dormant
CUST0509,7,54,784814.8099999999,2,High-Value Active
CUST0510,25,20,118807.94,1,Occasional / New
CUST0511,21,24,175491.19,1,Occasional / New
CUST0512,170,8,44471.89,0,At-Risk / Dormant
CUST0513,10,34,484219.32,2,High-Value Active
CUST0514,8,29,306667.51,1,Occasional / New
CUST0515,8,12,55075.92,1,Occasional / New
CUST0516,188,10,43997.25,0,At-Risk / Dormant
CUST0517,59,12,102719.54,1,Occasional / New
CUST0518,37,22,69529.86,1,Occasional / New
CUST0519,6,38,479919.34,2,High-Value Active
CUST0520,13,15,123069.62000000001,1,Occasional / New
CUST0521,2,27,183860.21,1,Occasional / New
CUST0522,68,13,205342.99,1,Occasional / New
CUST0523,30,33,399738.92,2,High-Value Active
CUST0524,49,21,241894.49999999997,1,Occasional / New
CUST0525,42,21,219305.77,1,Occasional / New
CUST0526,11,8,35569.409999999996,1,Occasional / New
CUST0527,5,15,64050.24,1,Occasional / New
CUST0528,29,11,23569.12,1,Occasional / New
CUST0529,21,13,77710.06,1,Occasional / New
CUST0530,12,26,188851.99,1,Occasional / New
CUST0531,7,20,212891.66,1,Occasional / New
CUST0532,4,52,648280.01,2,High-Value Active
CUST0533,10,55,704178.33,2,High-Value Active
CUST0534,43,20,117996.97,1,Occasional / New
CUST0535,77,16,121005.31999999999,1,Occasional / New
CUST0536,1,34,376656.21,2,High-Value Active
CUST0537,5,26,205924.13,1,Occasional / New
CUST0538,49,12,56963.75,1,Occasional / New
CUST0539,1,13,76651.29,1,Occasional / New
CUST0540,106,7,19529.24,0,At-Risk / Dormant
CUST0541,8,48,791243.99,2,High-Value Active
CUST0542,5,24,169464.47,1,Occasional / New
CUST0543,31,11,54897.22,1,Occasional / New
CUST0544,8,22,231445.79,1,Occasional / New
CUST0545,45,17,65059.729999999996,1,Occasional / New
CUST0546,36,9,82091.95999999999,1,Occasional / New
CUST0547,243,4,9538.09,0,At-Risk / Dormant
CUST0548,59,16,263850.8,1,Occasional / New
CUST0549,37,9,24033.55,1,Occasional / New
CUST0550,47,20,290436.97,1,Occasional / New
CUST0551,262,8,18363.11,0,At-Risk / Dormant
CUST0552,61,22,77861.84,1,Occasional / New
CUST0553,14,23,104707.06,1,Occasional / New
CUST0554,37,19,140393.53,1,Occasional / New
CUST0555,23,39,512366.92,2,High-Value Active
CUST0556,2,11,69331.81,1,Occasional / New
CUST0557,25,11,14624.560000000001,1,Occasional / New
CUST0558,77,4,3377.58,1,Occasional / New
CUST0559,8,26,150441.45,1,Occasional / New
CUST0560,13,25,259157.93,1,Occasional / New
CUST0561,50,24,147542.22,1,Occasional / New
CUST0562,57,10,70599.65,1,Occasional / New
CUST0563,5,12,63244.84,1,Occasional / New
CUST0564,97,11,141608.71,0,At-Risk / Dormant
CUST0565,5,14,62353.450000000004,1,Occasional / New
CUST0566,3,14,46769.42,1,Occasional / New
CUST0567,10,14,54918.19,1,Occasional / New
CUST0568,200,6,17479.04,0,At-Risk / Dormant
CUST0569,3,35,522007.23,2,High-Value Active
CUST0570,52,10,100032.43000000001,1,Occasional / New
CUST0571,20,6,13332.44,1,Occasional / New
CUST0572,14,29,289963.87,1,Occasional / New
CUST0573,304,9,23287.63,0,At-Risk / Dormant
CUST0574,20,20,244898.02,1,Occasional / New
CUST0575,7,18,97141.43000000001,1,Occasional / New
CUST0576,12,40,466966.85,2,High-Value Active
CUST0577,7,8,87788.51,1,Occasional / New
CUST0578,14,42,800897.55,2,High-Value Active
CUST0579,219,7,30107.45,0,At-Risk / Dormant
CUST0580,13,7,47285.659999999996,1,Occasional / New
CUST0581,21,12,41449.11,1,Occasional / New
CUST0582,40,35,346853.26,2,High-Value Active
CUST0583,1,8,37734.94,1,Occasional / New
CUST0584,15,11,46668.42,1,Occasional / New
CUST0585,21,17,108485.83,1,Occasional / New
CUST0586,83,14,205792.11,1,Occasional / New
CUST0587,2,9,55807.33,1,Occasional / New
CUST0588,154,8,35507.42,0,At-Risk / Dormant
CUST0589,17,11,42334.229999999996,1,Occasional / New
CUST0590,1,13,132528.48,1,Occasional / New
CUST0591,153,10,71710.88,0,At-Risk / Dormant
CUST0592,22,19,166701.05,1,Occasional / New
CUST0593,36,9,132288.38,1,Occasional / New
CUST0594,46,8,8459.39,1,Occasional / New
CUST0595,2,62,693552.72,2,High-Value Active
CUST0596,146,8,140768.51,0,At-Risk / Dormant
CUST0597,3,22,266558.97,1,Occasional / New
CUST0598,56,9,19638.21,1,Occasional / New
CUST0599,40,15,80476.90000000001,1,Occasional / New
CUST0600,4,13,35819.58,1,Occasional / New
CUST0601,5,14,73190.01,1,Occasional / New
CUST0602,154,10,26763.519999999997,0,At-Risk / Dormant
CUST0603,8,13,82733.6,1,Occasional / New
CUST0604,58,12,133514.47,1,Occasional / New
CUST0605,4,13,67336.67,1,Occasional / New
CUST0606,4,13,64446.719999999994,1,Occasional / New
CUST0607,99,9,49318.17,0,At-Risk / Dormant
CUST0608,292,4,6649.799999999999,0,At-Risk / Dormant
CUST0609,3,10,50462.72,1,Occasional / New
CUST0610,13,22,220166.19999999998,1,Occasional / New
CUST0611,258,8,16851.16,0,At-Risk / Dormant
CUST0612,4,18,107973.16,1,Occasional / New
CUST0613,36,22,186572.69,1,Occasional / New
CUST0614,144,9,17914.49,0,At-Risk / Dormant
CUST0615,8,49,678369.71,2,High-Value Active
CUST0616,2,41,846226.79,2,High-Value Active
CUST0617,42,13,100908.89,1,Occasional / New
CUST0618,8,9,55232.759999999995,1,Occasional / New
CUST0619,20,20,199883.16999999998,1,Occasional / New
CUST0620,61,23,154777.1,1,Occasional / New
CUST0621,43,9,71140.09999999999,1,Occasional / New
CUST0622,7,11,50074.46,1,Occasional / New
CUST0623,312,6,20554.33,0,At-Risk / Dormant
CUST0624,12,11,65216.97,1,Occasional / New
CUST0625,9,14,108335.06,1,Occasional / New
CUST0626,9,13,38597.36,1,Occasional / New
CUST0627,22,12,114179.51,1,Occasional / New
CUST0628,14,17,182085.36,1,Occasional / New
CUST0629,66,9,25491.0,1,Occasional / New
CUST0630,11,14,30610.12,1,Occasional / New
CUST0631,28,22,142445.84,1,Occasional / New
CUST0632,18,36,480674.01999999996,2,High-Value Active
CUST0633,68,12,104029.23999999999,1,Occasional / New
CUST0634,42,14,56088.33,1,Occasional / New
CUST0635,22,8,59840.42,1,Occasional / New
CUST0636,24,9,97717.13,1,Occasional / New
CUST0637,1,7,76297.14,1,Occasional / New
CUST0638,4,10,80232.76,1,Occasional / New
CUST0639,40,7,56119.71,1,Occasional / New
CUST0640,39,14,86240.75,1,Occasional / New
CUST0641,11,15,57938.14,1,Occasional / New
CUST0642,53,11,53196.200000000004,1,Occasional / New
CUST0643,45,12,34459.28,1,Occasional / New
CUST0644,3,15,41680.91,1,Occasional / New
CUST0645,47,13,56386.13,1,Occasional / New
CUST0646,3,42,518544.46,2,High-Value Active
CUST0647,8,24,353549.88,1,Occasional / New
CUST0648,48,23,88204.85,1,Occasional / New
CUST0649,14,18,68591.78,1,Occasional / New
CUST0650,37,14,40671.19,1,Occasional / New
CUST0651,19,9,114396.05,1,Occasional / New
CUST0652,389,4,13526.48,0,At-Risk / Dormant
CUST0653,5,20,151237.11,1,Occasional / New
CUST0654,7,21,140876.52,1,Occasional / New
CUST0655,5,9,65075.13,1,Occasional / New
CUST0656,30,10,45760.479999999996,1,Occasional / New
CUST0657,38,15,75184.08,1,Occasional / New
CUST0658,42,13,104140.1,1,Occasional / New
CUST0659,21,21,146432.85,1,Occasional / New
CUST0660,1,19,96327.89,1,Occasional / New
CUST0661,221,5,99329.52,0,At-Risk / Dormant
CUST0662,2,52,1170602.97,2,High-Value Active
CUST0663,46,22,138702.62,1,Occasional / New
CUST0664,37,11,44536.18,1,Occasional / New
CUST0665,20,8,31613.190000000002,1,Occasional / New
CUST0666,11,11,73553.87,1,Occasional / New
CUST0667,9,11,57745.86,1,Occasional / New
CUST0668,58,13,100357.77,1,Occasional / New
CUST0669,80,8,24320.36,1,Occasional / New
CUST0670,46,10,60688.32,1,Occasional / New
CUST0671,114,13,72821.76,0,At-Risk / Dormant
CUST0672,16,52,615554.67,2,High-Value Active
CUST0673,41,9,32240.23,1,Occasional / New
CUST0674,4,12,164062.74,1,Occasional / New
CUST0675,2,9,67849.0,1,Occasional / New
CUST0676,6,44,705412.38,2,High-Value Active
CUST0677,4,13,59058.22,1,Occasional / New
CUST0678,33,7,12166.9,1,Occasional / New
CUST0679,2,45,556021.65,2,High-Value Active
CUST0680,10,22,188242.61000000002,1,Occasional / New
CUST0681,11,16,183031.0,1,Occasional / New
CUST0682,9,9,159105.65,1,Occasional / New
CUST0683,116,11,68787.91,0,At-Risk / Dormant
CUST0684,26,24,236785.57,1,Occasional / New
CUST0685,2,48,652452.34,2,High-Value Active
CUST0686,17,17,156144.03999999998,1,Occasional / New
CUST0687,4,31,383450.78,2,High-Value Active
CUST0688,1,14,57246.630000000005,1,Occasional / New
CUST0689,27,16,123271.28,1,Occasional / New
CUST0690,7,16,134834.13,1,Occasional / New
CUST0691,15,13,31036.579999999998,1,Occasional / New
CUST0692,5,6,30564.8,1,Occasional / New
CUST0693,13,11,65204.69,1,Occasional / New
CUST0694,23,10,22816.08,1,Occasional / New
CUST0695,34,5,61688.91,1,Occasional / New
CUST0696,24,18,55588.38,1,Occasional / New
CUST0697,29,8,27938.85,1,Occasional / New
CUST0698,1,18,132896.76,1,Occasional / New
CUST0699,190,7,37227.65,0,At-Risk / Dormant
CUST0700,5,15,32656.47,1,Occasional / New
CUST0701,61,10,89640.23999999999,1,Occasional / New
CUST0702,8,12,20966.0,1,Occasional / New
CUST0703,122,8,15387.869999999999,0,At-Risk / Dormant
CUST0704,4,11,93313.09,1,Occasional / New
CUST0705,3,17,111383.28,1,Occasional / New
CUST0706,34,55,592072.06,2,High-Value Active
CUST0707,48,10,45284.64,1,Occasional / New
CUST0708,28,16,122213.88,1,Occasional / New
CUST0709,4,19,109180.69,1,Occasional / New
CUST0710,2,19,145442.87,1,Occasional / New
CUST0711,3,22,185383.18,1,Occasional / New
CUST0712,2,17,303826.98,1,Occasional / New
CUST0713,147,11,45370.54,0,At-Risk / Dormant
CUST0714,59,7,28600.81,1,Occasional / New
CUST0715,42,6,21828.52,1,Occasional / New
CUST0716,2,57,1268581.69,2,High-Value Active
CUST0717,6,28,151035.77,1,Occasional / New
CUST0718,9,41,656745.36,2,High-Value Active
CUST0719,32,13,60230.299999999996,1,Occasional / New
CUST0720,18,27,123518.34999999999,1,Occasional / New
CUST0721,10,42,455891.80000000005,2,High-Value Active
CUST0722,9,4,29652.71,1,Occasional / New
CUST0723,9,7,57413.28,1,Occasional / New
CUST0724,24,17,243322.79,1,Occasional / New
CUST0725,39,20,117379.33,1,Occasional / New
CUST0726,54,16,151398.15,1,Occasional / New
CUST0727,29,5,9690.41,1,Occasional / New
CUST0728,5,20,110413.21,1,Occasional / New
CUST0729,44,10,91178.71,1,Occasional / New
CUST0730,24,10,38656.19,1,Occasional / New
CUST0731,11,15,45173.5,1,Occasional / New
CUST0732,2,31,148119.09,1,Occasional / New
CUST0733,17,24,90705.31,1,Occasional / New
CUST0734,10,7,13242.58,1,Occasional / New
CUST0735,23,8,34215.65,1,Occasional / New
CUST0736,2,43,492606.77999999997,2,High-Value Active
CUST0737,15,7,74958.45,1,Occasional / New
CUST0738,15,17,93594.87,1,Occasional / New
CUST0739,1,9,81956.31,1,Occasional / New
CUST0740,14,8,23200.45,1,Occasional / New
CUST0741,63,9,27984.25,1,Occasional / New
CUST0742,10,11,63936.4,1,Occasional / New
CUST0743,14,17,83179.14,1,Occasional / New
CUST0744,163,8,10477.21,0,At-Risk / Dormant
CUST0745,122,7,18903.39,0,At-Risk / Dormant
CUST0746,4,38,626953.03,2,High-Value Active
CUST0747,7,11,20124.76,1,Occasional / New
CUST0748,66,14,67513.03,1,Occasional / New
CUST0749,5,42,496452.33,2,High-Value Active
CUST0750,1,28,172756.48,1,Occasional / New
CUST0751,16,19,81420.84,1,Occasional / New
CUST0752,2,50,830011.76,2,High-Value Active
CUST0753,21,24,153627.39,1,Occasional / New
CUST0754,12,14,66980.76,1,Occasional / New
CUST0755,18,12,53336.62,1,Occasional / New
CUST0756,79,14,63916.34,1,Occasional / New
CUST0757,4,28,112791.0,1,Occasional / New
CUST0758,49,8,27073.559999999998,1,Occasional / New
CUST0759,5,56,833295.18,2,High-Value Active
CUST0760,2,25,311882.03,1,Occasional / New
CUST0761,139,15,104103.26999999999,0,At-Risk / Dormant
CUST0762,35,5,12252.84,1,Occasional / New
CUST0763,15,13,103267.20999999999,1,Occasional / New
CUST0764,5,17,138320.19999999998,1,Occasional / New
CUST0765,8,7,24111.079999999998,1,Occasional / New
CUST0766,15,18,306522.52,1,Occasional / New
CUST0767,80,23,281083.16000000003,1,Occasional / New
CUST0768,4,46,748695.77,2,High-Value Active
CUST0769,42,12,50762.45,1,Occasional / New
CUST0770,18,23,207323.64,1,Occasional / New
CUST0771,8,14,50525.920000000006,1,Occasional / New
CUST0772,15,15,91194.57,1,Occasional / New
CUST0773,22,10,20539.14,1,Occasional / New
CUST0774,17,10,32420.33,1,Occasional / New
CUST0775,34,18,119805.04999999999,1,Occasional / New
CUST0776,105,7,28139.4,0,At-Risk / Dormant
CUST0777,22,12,17644.62,1,Occasional / New
CUST0778,34,27,167719.18,1,Occasional / New
CUST0779,13,19,219875.31,1,Occasional / New
CUST0780,3,20,193560.55000000002,1,Occasional / New
CUST0781,28,20,179126.41,1,Occasional / New
CUST0782,263,5,17617.18,0,At-Risk / Dormant
CUST0783,6,11,73373.49,1,Occasional / New
CUST0784,43,10,48609.69,1,Occasional / New
CUST0785,62,9,73949.8,1,Occasional / New
CUST0786,1,44,717126.71,2,High-Value Active
CUST0787,49,23,117295.61,1,Occasional / New
CUST0788,13,11,70379.09,1,Occasional / New
CUST0789,15,8,27093.329999999998,1,Occasional / New
CUST0790,1,47,702826.36,2,High-Value Active
CUST0791,27,10,32089.64,1,Occasional / New
CUST0792,8,21,109951.61,1,Occasional / New
CUST0793,19,7,10281.18,1,Occasional / New
CUST0794,1,24,163719.77,1,Occasional / New
CUST0795,43,5,13346.9,1,Occasional / New
CUST0796,6,46,907372.74,2,High-Value Active
CUST0797,3,43,626948.38,2,High-Value Active
CUST0798,7,16,165329.89,1,Occasional / New
CUST0799,20,26,130033.26999999999,1,Occasional / New
CUST0800,6,44,989075.92,2,High-Value Active
